Keyword,Title,Description,URL,Date,Sentiment
Machine Learning,How to reliably import .mlpackage machine learning model into Xcode,,https://stackoverflow.com/questions/79402236/how-to-reliably-import-mlpackage-machine-learning-model-into-xcode,2025-01-31 15:10:01,NEUTRAL
Machine Learning,How to use DeepField Machine learning framework for reservoir simulation,,https://stackoverflow.com/questions/79393479/how-to-use-deepfield-machine-learning-framework-for-reservoir-simulation,2025-01-28 16:39:04,NEUTRAL
Machine Learning,machine learning model to extract vectors from physics word problems,,https://stackoverflow.com/questions/79394932/machine-learning-model-to-extract-vectors-from-physics-word-problems,2025-01-29 01:04:32,NEUTRAL
Machine Learning,Deployment fail when provisioning endpoint in Azure AI Machine Learning Studio,,https://stackoverflow.com/questions/79389761/deployment-fail-when-provisioning-endpoint-in-azure-ai-machine-learning-studio,2025-01-27 10:47:42,NEUTRAL
Machine Learning,Create Managed VM compute for Azure Machine learning workspace,,https://stackoverflow.com/questions/79387201/create-managed-vm-compute-for-azure-machine-learning-workspace,2025-01-25 23:45:10,NEUTRAL
Machine Learning,Machine Learning Checking for overfitting,,https://stackoverflow.com/questions/79376198/machine-learning-checking-for-overfitting,2025-01-22 05:37:48,NEUTRAL
Machine Learning,Azure Machine Learning python SDK V2 download logs of steps of a job,,https://stackoverflow.com/questions/79373980/azure-machine-learning-python-sdk-v2-download-logs-of-steps-of-a-job,2025-01-21 16:14:09,NEUTRAL
Machine Learning,How to trigger an Azure Machine Learning Studio notebook from a Databricks notebook?,,https://stackoverflow.com/questions/79373402/how-to-trigger-an-azure-machine-learning-studio-notebook-from-a-databricks-noteb,2025-01-21 12:35:48,NEUTRAL
Machine Learning,Will larger batch size make computation time less in machine learning?,,https://stackoverflow.com/questions/35158365/will-larger-batch-size-make-computation-time-less-in-machine-learning,2016-02-02 22:12:17,NEUTRAL
Machine Learning,Creating a voice identification system using machine learning,,https://stackoverflow.com/questions/15127461/creating-a-voice-identification-system-using-machine-learning,2013-02-28 10:22:56,NEUTRAL
Ubuntu,"request_html.render() working on windows, but not on Ubuntu",,https://stackoverflow.com/questions/67298635/request-html-render-working-on-windows-but-not-on-ubuntu,2021-04-28 16:39:13,NEUTRAL
Ubuntu,torch.cuda.is_available() retuns FALSE after installing appropriate versions of CUDA and CuDNN on Ubuntu 20.04,,https://stackoverflow.com/questions/63797147/torch-cuda-is-available-retuns-false-after-installing-appropriate-versions-of,2020-09-08 21:33:53,NEUTRAL
Ubuntu,How can I use Php7.4 in my Apache in Ubuntu 22?,,https://stackoverflow.com/questions/72047222/how-can-i-use-php7-4-in-my-apache-in-ubuntu-22,2022-04-28 22:26:43,NEUTRAL
Ubuntu,"Ubuntu server is extremely slow, but CPU, RAM, and disk usage are low",,https://stackoverflow.com/questions/79401578/ubuntu-server-is-extremely-slow-but-cpu-ram-and-disk-usage-are-low,2025-01-31 07:01:13,NEUTRAL
Ubuntu,Could not create postgis-3 extension in postgresql-16 on Ubuntu 22.04,,https://stackoverflow.com/questions/79401364/could-not-create-postgis-3-extension-in-postgresql-16-on-ubuntu-22-04,2025-01-31 04:18:56,NEUTRAL
Ubuntu,.net6 does not have quick fix running on ubuntu 20.04,,https://stackoverflow.com/questions/71171277/net6-does-not-have-quick-fix-running-on-ubuntu-20-04,2022-02-18 15:41:48,NEUTRAL
Ubuntu,How to change advertisement interval on BLE beacon in Linux (ubuntu),,https://stackoverflow.com/questions/79400180/how-to-change-advertisement-interval-on-ble-beacon-in-linux-ubuntu,2025-01-30 20:09:26,NEUTRAL
Ubuntu,How to set up NVIDIA Digital Human on Ubuntu 22.04? Facing issues with dependencies,,https://stackoverflow.com/questions/79397653/how-to-set-up-nvidia-digital-human-on-ubuntu-22-04-facing-issues-with-dependenc,2025-01-29 23:32:41,NEUTRAL
Ubuntu,Recommended way to install qt6 on Ubuntu 22,,https://stackoverflow.com/questions/79400038/recommended-way-to-install-qt6-on-ubuntu-22,2025-01-30 19:17:11,NEUTRAL
Ubuntu,Trying to run huggingface model on virtual machine (ubuntu guest),,https://stackoverflow.com/questions/79399654/trying-to-run-huggingface-model-on-virtual-machine-ubuntu-guest,2025-01-30 17:01:00,NEUTRAL
iPhone,Iframe resizer not working at iphone safari browser,,https://stackoverflow.com/questions/58781508/iframe-resizer-not-working-at-iphone-safari-browser,2019-11-09 22:56:47,NEUTRAL
iPhone,How do I get the iPhone tilt level only to the left and right?,,https://stackoverflow.com/questions/79402163/how-do-i-get-the-iphone-tilt-level-only-to-the-left-and-right,2025-01-31 14:38:48,NEUTRAL
iPhone,iPhone-X - How to force user to swipe twice home indicator to go home-screen,,https://stackoverflow.com/questions/47347403/iphone-x-how-to-force-user-to-swipe-twice-home-indicator-to-go-home-screen,2017-11-17 15:36:40,NEUTRAL
iPhone,How do i turn off all filters on an iphone camera when my app opens the interface?,,https://stackoverflow.com/questions/79398766/how-do-i-turn-off-all-filters-on-an-iphone-camera-when-my-app-opens-the-interfac,2025-01-30 10:12:17,NEUTRAL
iPhone,How to mirror and control USB connected iPhone,,https://stackoverflow.com/questions/79398758/how-to-mirror-and-control-usb-connected-iphone,2025-01-30 10:07:59,NEUTRAL
iPhone,ARKit: Saturn’s Rings Cut Off (.usdz model) on iPhone but Fully Visible in Xcode Scene Preview,,https://stackoverflow.com/questions/79389676/arkit-saturn-s-rings-cut-off-usdz-model-on-iphone-but-fully-visible-in-xcode,2025-01-27 09:06:02,NEUTRAL
iPhone,Flutter draggable widget not showing feedback in iPhone 15,,https://stackoverflow.com/questions/79396773/flutter-draggable-widget-not-showing-feedback-in-iphone-15,2025-01-29 18:46:28,NEUTRAL
iPhone,Could not build the application for the simulator. Error launching application on iPhone 11 Pro Max,,https://stackoverflow.com/questions/59921997/could-not-build-the-application-for-the-simulator-error-launching-application-o,2020-01-27 01:35:08,NEUTRAL
iPhone,Download font .ttf file from web and store on iPhone,,https://stackoverflow.com/questions/16667327/download-font-ttf-file-from-web-and-store-on-iphone,2013-05-21 16:04:57,NEUTRAL
iPhone,R3f video autoplay on iphone,,https://stackoverflow.com/questions/79391135/r3f-video-autoplay-on-iphone,2025-01-27 20:27:24,NEUTRAL
CRO,How do I install the Raku Cro web framework using a dockerfile,,https://stackoverflow.com/questions/79248935/how-do-i-install-the-raku-cro-web-framework-using-a-dockerfile,2024-12-04 01:23:20,NEUTRAL
CRO,How to override default content type in Cro::HTTP::Client?,,https://stackoverflow.com/questions/78809044/how-to-override-default-content-type-in-crohttpclient,2024-07-30 03:05:12,NEUTRAL
CRO,How to debug cro installation with zef,,https://stackoverflow.com/questions/77372395/how-to-debug-cro-installation-with-zef,2023-10-27 13:55:13,NEUTRAL
CRO,Can&#39;t run &quot;cro stub&quot; etc,,https://stackoverflow.com/questions/51381570/cant-run-cro-stub-etc,2018-07-17 18:36:04,NEUTRAL
CRO,Is there a way to consume request.body multiple times in Cro?,,https://stackoverflow.com/questions/76192770/is-there-a-way-to-consume-request-body-multiple-times-in-cro,2023-05-07 13:54:22,NEUTRAL
CRO,What is a simple idiom using Cro to add (eg) `.html` to a static route?,,https://stackoverflow.com/questions/75840963/what-is-a-simple-idiom-using-cro-to-add-eg-html-to-a-static-route,2023-03-25 16:10:12,NEUTRAL
CRO,Fetch the content of url get stucks when using Cro or HTTP::UserAgent,,https://stackoverflow.com/questions/53802756/fetch-the-content-of-url-get-stucks-when-using-cro-or-httpuseragent,2018-12-16 19:45:31,NEUTRAL
CRO,Secure websockets with Cro,,https://stackoverflow.com/questions/74920084/secure-websockets-with-cro,2022-12-26 18:01:04,NEUTRAL
CRO,Understanding Cro request/response cycle and memory use,,https://stackoverflow.com/questions/72180995/understanding-cro-request-response-cycle-and-memory-use,2022-05-10 11:09:35,NEUTRAL
CRO,Cro Template as Object,,https://stackoverflow.com/questions/69940946/cro-template-as-object,2021-11-12 15:52:33,NEUTRAL
